Image_calc,Latitude_calc,Longitude_calc,Altitude_calc,common_name,Image_exif,Latitude_exif,Longitude_exif,Altitude_exif,error_lat,error_lon,error_alt,mean_lat,error_lat_m,error_lon_m,error_horizontal_m
C:/Users/joshu/Desktop/All_Drone_Pics/Drone_Pics_2_16_25\DJI_0341.JPG,37.421890472120566,-122.08416265315432,357.7423218588888,0341.JPG,DJI_0341.JPG,34.10518,-117.71344,311.312,3.316710472120569,-4.370722653154317,46.43032185888876,35.76353523606028,369216.2097564617,-394803.2197297234,540546.1977073594
C:/Users/joshu/Desktop/All_Drone_Pics/Drone_Pics_2_16_25\DJI_0342.JPG,37.42183803025061,-122.0836437275638,349.72296360567856,0342.JPG,DJI_0342.JPG,34.10518,-117.71344,311.298,3.316658030250615,-4.370203727563791,38.424963605678556,35.76350901512531,369210.37192749843,-394756.4757939,540508.0701710768
C:/Users/joshu/Desktop/All_Drone_Pics/Drone_Pics_2_16_25\DJI_0343.JPG,37.42217503480278,-122.08394812008464,360.4461536814818,0343.JPG,DJI_0343.JPG,34.10518,-117.71344,311.285,3.3169950348027797,-4.3705081200846365,49.16115368148178,35.76367751740139,369247.88727424544,-394783.13505195855,540553.1666524088
C:/Users/joshu/Desktop/All_Drone_Pics/Drone_Pics_2_16_25\DJI_0344.JPG,37.42208830904161,-122.08338837262085,347.70747625247054,0344.JPG,DJI_0344.JPG,34.10518,-117.71344,311.323,3.316908309041615,-4.36994837262084,36.38447625247056,35.7636341545208,369238.2329625126,-394732.7888591554,540509.803132011
C:/Users/joshu/Desktop/All_Drone_Pics/Drone_Pics_2_16_25\DJI_0345.JPG,37.42205998268513,-122.08408966456862,362.39918826077536,0345.JPG,DJI_0345.JPG,34.10518,-117.71344,311.5,3.31687998268513,-4.370649664568617,50.89918826077536,35.763619991342566,369235.07967250864,-394796.20610585756,540553.9643887024
C:/Users/joshu/Desktop/All_Drone_Pics/Drone_Pics_2_16_25\DJI_0346.JPG,37.42192071122111,-122.08426506026336,374.50994648715937,0346.JPG,DJI_0346.JPG,34.10518,-117.71344,311.598,3.316740711221115,-4.370825060263357,62.911946487159355,35.763550355610555,369219.57597313455,-394812.3950262865,540555.1984285914
C:/Users/joshu/Desktop/All_Drone_Pics/Drone_Pics_2_16_25\DJI_0347.JPG,37.42205195967781,-122.08399762899468,357.48857679466084,0347.JPG,DJI_0347.JPG,34.10518,-117.71344,311.621,3.316871959677812,-4.370557628994675,45.86757679466086,35.7636159798389,369234.186551334,-394787.9125372706,540547.2971015219
C:/Users/joshu/Desktop/All_Drone_Pics/Drone_Pics_2_16_25\DJI_0348.JPG,37.42181269238861,-122.08432707882656,337.2672904171275,0348.JPG,DJI_0348.JPG,34.10518,-117.71344,311.612,3.316632692388616,-4.370887078826556,25.655290417127503,35.7634963461943,369207.55131670076,-394818.26516208396,540551.2727344853
C:/Users/joshu/Desktop/All_Drone_Pics/Drone_Pics_2_16_25\DJI_0349.JPG,37.42227548556316,-122.08415692759309,336.51697333253577,0349.JPG,DJI_0349.JPG,34.10517,-117.71344,312.608,3.317105485563161,-4.3707169275930795,23.908973332535766,35.76372274278158,369260.1826528911,-394801.77194742044,540575.176664328
C:/Users/joshu/Desktop/All_Drone_Pics/Drone_Pics_2_16_25\DJI_0350.JPG,37.422003290131215,-122.08406022436884,317.0065716873396,0350.JPG,DJI_0350.JPG,34.10517,-117.71344,312.608,3.316833290131214,-4.370620224368835,4.398571687339597,35.76358664506561,369229.88185740676,-394793.71229760256,540548.5925669927
C:/Users/joshu/Desktop/All_Drone_Pics/Drone_Pics_2_16_25\DJI_0351.JPG,37.422034496690166,-122.08386642852192,327.3278322528424,0351.JPG,DJI_0351.JPG,34.10517,-117.71344,312.708,3.3168644966901653,-4.37042642852191,14.6198322528424,35.76360224834508,369233.3557715492,-394776.12948037963,540538.1239300601
C:/Users/joshu/Desktop/All_Drone_Pics/Drone_Pics_2_16_25\DJI_0352.JPG,37.42208673831863,-122.08413553337236,319.0428479677216,0352.JPG,DJI_0352.JPG,34.10517,-117.71344,313.008,3.316916738318632,-4.370695533372356,6.034847967721646,35.76362836915932,369239.1713096301,-394800.3078078703,540559.7549527818
C:/Users/joshu/Desktop/All_Drone_Pics/Drone_Pics_2_16_25\DJI_0353.JPG,37.422423857302746,-122.08418684361104,337.71636851896176,0353.JPG,DJI_0353.JPG,34.10517,-117.71344,313.708,3.3172538573027452,-4.37074684361103,24.00836851896173,35.763796928651374,369276.6993949416,-394804.10603756673,540588.1638180254
C:/Users/joshu/Desktop/All_Drone_Pics/Drone_Pics_2_16_25\DJI_0354.JPG,37.42186985143937,-122.08400325923368,324.9219746929101,0354.JPG,DJI_0354.JPG,34.10517,-117.71344,314.108,3.316699851439367,-4.370563259233677,10.813974692910108,35.763519925719685,369215.0274622303,-394788.897811012,540534.9298045124
C:/Users/joshu/Desktop/All_Drone_Pics/Drone_Pics_2_16_25\DJI_0355.JPG,37.42201533289944,-122.08411196557434,330.37314276172674,0355.JPG,DJI_0355.JPG,34.10517,-117.71344,314.508,3.3168453328994403,-4.370671965574331,15.865142761726759,35.763592666449725,369231.22245836566,-394798.3561446013,540552.8999576069
C:/Users/joshu/Desktop/All_Drone_Pics/Drone_Pics_2_16_25\DJI_0356.JPG,37.42181508777778,-122.08395873626192,326.0498677258021,0356.JPG,DJI_0356.JPG,34.10517,-117.71344,315.108,3.316645087777779,-4.370518736261914,10.94186772580207,35.76349254388889,369208.93117142236,-394785.0119822936,540527.9276250246
C:/Users/joshu/Desktop/All_Drone_Pics/Drone_Pics_2_16_25\DJI_0357.JPG,37.42224444451866,-122.08407063915892,335.8814788168228,0357.JPG,DJI_0357.JPG,34.10517,-117.71344,315.908,3.31707444451866,-4.370630639158918,19.973478816822762,35.76370722225933,369256.7271638172,-394794.05464076705,540567.1800391055
C:/Users/joshu/Desktop/All_Drone_Pics/Drone_Pics_2_16_25\DJI_0358.JPG,37.421918609876094,-122.08414224554116,333.97372317129634,0358.JPG,DJI_0358.JPG,34.10516,-117.71344,317.008,3.3167586098760964,-4.370702245541153,16.96572317129636,35.76353930493805,369221.5684514071,-394801.35613566864,540548.4968217746
C:/Users/joshu/Desktop/All_Drone_Pics/Drone_Pics_2_16_25\DJI_0359.JPG,37.42205084495413,-122.08388327522032,344.3059066437369,0359.JPG,DJI_0359.JPG,34.10516,-117.71344,318.408,3.3168908449541306,-4.37044327522031,25.89790664373686,35.76360542247706,369236.2888602938,-394777.6354730853,540541.2273647982
C:/Users/joshu/Desktop/All_Drone_Pics/Drone_Pics_2_16_25\DJI_0360.JPG,37.42198658252006,-122.08401582081328,341.33393815226543,0360.JPG,DJI_0360.JPG,34.10516,-117.71344,319.808,3.316826582520065,-4.370575820813272,21.52593815226544,35.76357329126003,369229.13516613364,-394789.76764211553,540545.201523838
C:/Users/joshu/Desktop/All_Drone_Pics/Drone_Pics_2_16_25\DJI_0361.JPG,37.42184641702372,-122.08396281469072,352.7313574695968,0361.JPG,DJI_0361.JPG,34.10516,-117.71344,321.408,3.3166864170237247,-4.370522814690716,31.323357469596772,35.763503208511864,369213.531943081,-394785.32745696994,540531.3006155994
C:/Users/joshu/Desktop/All_Drone_Pics/Drone_Pics_2_16_25\DJI_0362.JPG,37.42216959016925,-122.08416296937598,359.9123268346832,0362.JPG,DJI_0362.JPG,34.10516,-117.71344,323.208,3.317009590169249,-4.370722969375976,36.70432683468317,35.76366479508462,369249.5075776408,-394802.60529050604,540568.493338727
C:/Users/joshu/Desktop/All_Drone_Pics/Drone_Pics_2_16_25\DJI_0363.JPG,37.42210096118862,-122.08429418745877,375.239854386374,0363.JPG,DJI_0363.JPG,34.10516,-117.71344,325.108,3.316940961188621,-4.370854187458761,50.131854386374016,35.76363048059431,369241.8677995173,-394814.6283843987,540572.0559947463
C:/Users/joshu/Desktop/All_Drone_Pics/Drone_Pics_2_16_25\DJI_0364.JPG,37.42209550265172,-122.0837309980062,363.4200908755729,0364.JPG,DJI_0364.JPG,34.10516,-117.71344,327.408,3.3169355026517238,-4.3702909980061975,36.01209087557288,35.763627751325856,369241.2601551899,-394763.7696218445,540534.496592994
C:/Users/joshu/Desktop/All_Drone_Pics/Drone_Pics_2_16_25\DJI_0365.JPG,37.42209206092679,-122.08418782822912,358.5617885402465,0365.JPG,DJI_0365.JPG,34.10516,-117.71344,329.708,3.3169320609267956,-4.3707478282291135,28.853788540246455,35.7636260304634,369240.87702237087,-394805.04315406043,540564.3785564576
C:/Users/joshu/Desktop/All_Drone_Pics/Drone_Pics_2_16_25\DJI_0366.JPG,37.42184915184557,-122.08403282441952,387.6659530842471,0366.JPG,DJI_0366.JPG,34.10516,-117.71344,332.008,3.316689151845573,-4.370592824419518,55.65795308424714,35.76350457592278,369213.83638344915,-394791.6445854626,540536.122392832
C:/Users/joshu/Desktop/All_Drone_Pics/Drone_Pics_2_16_25\DJI_0367.JPG,37.42202004814338,-122.0841075079111,338.889064708427,0367.JPG,DJI_0367.JPG,34.10516,-117.71344,334.608,3.3168600481433828,-4.370667507911094,4.281064708426982,35.76359002407169,369232.86055932136,-394797.9666024013,540553.7343781929
C:/Users/joshu/Desktop/All_Drone_Pics/Drone_Pics_2_16_25\DJI_0368.JPG,37.42235598254473,-122.08429185399032,341.5637919767564,0368.JPG,DJI_0368.JPG,34.10516,-117.71344,337.508,3.3171959825447317,-4.370851853990317,4.0557919767564385,35.763757991272364,369270.25677687954,-394813.78474731185,540590.83155984
C:/Users/joshu/Desktop/All_Drone_Pics/Drone_Pics_2_16_25\DJI_0369.JPG,37.42221499305675,-122.08381281585844,364.7575051518586,0369.JPG,DJI_0369.JPG,34.10516,-117.71344,340.508,3.3170549930567503,-4.370372815858431,24.249505151858614,35.76368749652838,369254.5618270775,-394770.86364909424,540548.7639578494
C:/Users/joshu/Desktop/All_Drone_Pics/Drone_Pics_2_16_25\DJI_0370.JPG,37.42213739734395,-122.08416001203692,351.7866871762223,0370.JPG,DJI_0370.JPG,34.10516,-117.71344,343.608,3.3169773973439547,-4.370720012036912,8.178687176222297,35.76364869867197,369245.92387232906,-394802.41804408963,540565.9086455507
C:/Users/joshu/Desktop/All_Drone_Pics/Drone_Pics_2_16_25\DJI_0371.JPG,37.42226676702823,-122.08436071667236,381.26916066281456,0371.JPG,DJI_0371.JPG,34.10517,-117.71344,347.008,3.3170967670282323,-4.370920716672359,34.261160662814575,35.76371838351412,369259.2121055828,-394820.20161385933,540587.973716808
C:/Users/joshu/Desktop/All_Drone_Pics/Drone_Pics_2_16_25\DJI_0372.JPG,37.42232664168655,-122.08413216198532,346.80494040759777,0372.JPG,DJI_0372.JPG,34.10516,-117.71344,350.308,3.317166641686555,-4.370692161985318,-3.5030595924022236,35.763743320843275,369266.9905525473,-394799.4327700895,540578.1187093309
C:/Users/joshu/Desktop/All_Drone_Pics/Drone_Pics_2_16_25\DJI_0373.JPG,37.422151352090445,-122.08367184286338,377.2281034854311,0373.JPG,DJI_0373.JPG,34.10516,-117.71344,351.408,3.3169913520904473,-4.370231842863376,25.820103485431105,35.76365567604522,369247.4773147086,-394758.2876249445,540534.7400046131
C:/Users/joshu/Desktop/All_Drone_Pics/Drone_Pics_2_16_25\DJI_0374.JPG,37.4221730345537,-122.08413824886296,344.78657456012326,0374.JPG,DJI_0374.JPG,34.10517,-117.71344,351.008,3.3170030345537,-4.370698248862951,-6.221425439876725,35.76367151727685,369248.7778065179,-394800.33895151713,540566.3396363484
C:/Users/joshu/Desktop/All_Drone_Pics/Drone_Pics_2_16_25\DJI_0375.JPG,37.42213086115564,-122.08427366815424,364.5651462291336,0375.JPG,DJI_0375.JPG,34.10517,-117.71344,348.908,3.3169608611556356,-4.3708336681542335,15.65714622913356,35.76365043057782,369244.08306384535,-394812.67588271113,540572.1431181288
C:/Users/joshu/Desktop/All_Drone_Pics/Drone_Pics_2_16_25\DJI_0376.JPG,37.42194009712544,-122.0841642117857,361.332885765343,0376.JPG,DJI_0376.JPG,34.10517,-117.71344,346.308,3.316770097125442,-4.370724211785699,15.024885765343015,35.76355504856272,369222.8472120042,-394803.26218979433,540550.7624072345
C:/Users/joshu/Desktop/All_Drone_Pics/Drone_Pics_2_16_25\DJI_0377.JPG,37.42249012232188,-122.08416714821804,342.9667204872573,0377.JPG,DJI_0377.JPG,34.10516,-117.71344,344.208,3.3173301223218843,-4.370727148218037,-1.2412795127427216,35.763825061160944,369285.18921687215,-394802.18735442596,540592.5620231751
C:/Users/joshu/Desktop/All_Drone_Pics/Drone_Pics_2_16_25\DJI_0378.JPG,37.42224720671173,-122.08404053790504,376.5051764939668,0378.JPG,DJI_0378.JPG,34.10517,-117.71344,341.908,3.31707720671173,-4.370600537905034,34.5971764939668,35.763708603355866,369257.03465114976,-394791.32877478824,540565.3992951486
C:/Users/joshu/Desktop/All_Drone_Pics/Drone_Pics_2_16_25\DJI_0379.JPG,37.421822498682594,-122.08424396346014,356.9597783796431,0379.JPG,DJI_0379.JPG,34.10517,-117.71344,339.708,3.3166524986825934,-4.3708039634601334,17.2517783796431,35.7634962493413,369209.7561533463,-394810.7579071163,540547.2954312185
C:/Users/joshu/Desktop/All_Drone_Pics/Drone_Pics_2_16_25\DJI_0380.JPG,37.42217332580887,-122.08387032283694,355.3196964498284,0380.JPG,DJI_0380.JPG,34.10517,-117.71344,336.908,3.3170033258088694,-4.370430322836938,18.411696449828412,35.763671662904436,369248.81022904336,-394776.1367672014,540548.686074067
C:/Users/joshu/Desktop/All_Drone_Pics/Drone_Pics_2_16_25\DJI_0381.JPG,37.42173748994427,-122.08373230403797,352.9144009390405,0381.JPG,DJI_0381.JPG,34.10517,-117.71344,333.908,3.316567489944269,-4.37029230403796,19.006400939040475,35.76345374497214,369200.2929805961,-394764.7511039061,540507.229416117
C:/Users/joshu/Desktop/All_Drone_Pics/Drone_Pics_2_16_25\DJI_0382.JPG,37.42223114502547,-122.08414402891866,364.4989055047101,0382.JPG,DJI_0382.JPG,34.10516,-117.71344,332.308,3.317071145025473,-4.370704028918652,32.19090550471009,35.76369557251273,369256.3598642356,-394800.74167136534,540571.8129207683
C:/Users/joshu/Desktop/All_Drone_Pics/Drone_Pics_2_16_25\DJI_0383.JPG,37.421862364853375,-122.08397340748984,339.1171817936672,0383.JPG,DJI_0383.JPG,34.10517,-117.71344,330.008,3.316692364853374,-4.37053340748983,9.109181793667233,35.763516182426685,369214.19405547756,-394786.21990803897,540532.4046912583
C:/Users/joshu/Desktop/All_Drone_Pics/Drone_Pics_2_16_25\DJI_0384.JPG,37.42226110669174,-122.08426289210246,366.4632993977698,0384.JPG,DJI_0384.JPG,34.10516,-117.71344,327.708,3.3171011066917444,-4.370822892102453,38.75529939776976,35.763710553345874,369259.69519692496,-394811.40409608575,540581.8784432648
C:/Users/joshu/Desktop/All_Drone_Pics/Drone_Pics_2_16_25\DJI_0385.JPG,37.42198774515375,-122.08410837352632,374.8208417332078,0385.JPG,DJI_0385.JPG,34.10517,-117.71344,324.608,3.316817745153749,-4.370668373526314,50.212841733207824,35.76357887257687,369228.1513905153,-394798.1001368568,540550.6152534921
C:/Users/joshu/Desktop/All_Drone_Pics/Drone_Pics_2_16_25\DJI_0386.JPG,37.4221179764024,-122.08420955159104,358.9570564388237,0386.JPG,DJI_0386.JPG,34.10517,-117.71344,322.408,3.316947976402396,-4.370769551591039,36.5490564388237,35.763643988201196,369242.64873311477,-394806.9162769148,540566.9567995562
C:/Users/joshu/Desktop/All_Drone_Pics/Drone_Pics_2_16_25\DJI_0387.JPG,37.42207602760799,-122.08405441999996,350.26069452092463,0387.JPG,DJI_0387.JPG,34.10517,-117.71344,320.508,3.316906027607992,-4.370614419999953,29.75269452092465,35.76362301380399,369237.97899332165,-394793.00750073465,540553.6087221579
C:/Users/joshu/Desktop/All_Drone_Pics/Drone_Pics_2_16_25\DJI_0388.JPG,37.4220362194133,-122.08391031516288,344.3707367057707,0388.JPG,DJI_0388.JPG,34.10517,-117.71344,317.908,3.316866219413299,-4.370470315162876,26.46273670577068,35.76360310970665,369233.54754508846,-394780.0894408702,540541.1470477271
C:/Users/joshu/Desktop/All_Drone_Pics/Drone_Pics_2_16_25\DJI_0389.JPG,37.4220093876719,-122.08405379887108,327.4117617707794,0389.JPG,DJI_0389.JPG,34.10517,-117.71344,315.708,3.316839387671898,-4.3706137988710765,11.703761770779352,35.763589693835954,369230.5606356357,-394793.1167581703,540548.6212607855
C:/Users/joshu/Desktop/All_Drone_Pics/Drone_Pics_2_16_25\DJI_0390.JPG,37.422348692610136,-122.08390630139024,352.4546121286342,0390.JPG,DJI_0390.JPG,34.10517,-117.71344,313.408,3.3171786926101348,-4.370466301390238,39.046612128634195,35.763759346305065,369268.3320613602,-394778.9515205385,540564.0772628484
C:/Users/joshu/Desktop/All_Drone_Pics/Drone_Pics_2_16_25\DJI_0391.JPG,,,,0391.JPG,DJI_0391.JPG,34.10516,-117.71345,312.208,,,,,,,
C:/Users/joshu/Desktop/All_Drone_Pics/Drone_Pics_2_16_25\DJI_0392.JPG,37.42187016907225,-122.08395948419646,333.2470696147228,0392.JPG,DJI_0392.JPG,34.10516,-117.71345,314.808,3.316710169072252,-4.370509484196461,18.439069614722825,35.763515084536124,369216.1760211231,-394784.0643877564,540532.1841760925
C:/Users/joshu/Desktop/All_Drone_Pics/Drone_Pics_2_16_25\DJI_0393.JPG,37.43922035483365,-122.06042422083172,3242.030183409514,0393.JPG,DJI_0393.JPG,34.10516,-117.71345,314.908,3.334060354833653,-4.346974220831726,2927.122183409514,35.772190177416824,371147.5987000823,-392615.32082041673,540275.235564019
C:/Users/joshu/Desktop/All_Drone_Pics/Drone_Pics_2_16_25\DJI_0394.JPG,37.42211714968569,-122.08402218246768,338.4766806000517,0394.JPG,DJI_0394.JPG,34.10516,-117.71345,314.808,3.3169571496856918,-4.370572182467683,23.668680600051687,35.763638574842844,369243.66990301124,-394789.11500178894,540554.65319183
C:/Users/joshu/Desktop/All_Drone_Pics/Drone_Pics_2_16_25\DJI_0395.JPG,37.42209799436762,-122.08413572992649,331.09237885639834,0395.JPG,DJI_0395.JPG,34.10517,-117.71345,315.408,3.3169279943676173,-4.3706857299264925,15.684378856398325,35.76363399718381,369240.4243330032,-394799.3943412214,540559.9437007995
C:/Users/joshu/Desktop/All_Drone_Pics/Drone_Pics_2_16_25\DJI_0396.JPG,37.42201553314413,-122.08404534596356,328.5492685688156,0396.JPG,DJI_0396.JPG,34.10517,-117.71345,315.508,3.316845533144132,-4.370595345963565,13.04126856881561,35.76359276657207,369231.2447496048,-394791.43467614567,540547.8600392309
C:/Users/joshu/Desktop/All_Drone_Pics/Drone_Pics_2_16_25\DJI_0397.JPG,37.42229416076688,-122.08409927779756,377.9476712770247,0397.JPG,DJI_0397.JPG,34.10516,-117.71345,316.308,3.3171341607668836,-4.370649277797568,61.63967127702472,35.76372708038344,369263.3747765695,-394795.63969286584,540572.8785944411
C:/Users/joshu/Desktop/All_Drone_Pics/Drone_Pics_2_16_25\DJI_0398.JPG,37.42193083070457,-122.0840022316386,347.0681415283544,0398.JPG,DJI_0398.JPG,34.10516,-117.71346,318.508,3.31677083070457,-4.370542231638609,28.560141528354393,35.76354541535228,369222.92887403275,-394786.8719080265,540538.8472970686
C:/Users/joshu/Desktop/All_Drone_Pics/Drone_Pics_2_16_25\DJI_0399.JPG,37.422050861463326,-122.08409651364188,394.791815241571,0399.JPG,DJI_0399.JPG,34.10516,-117.71343,319.208,3.316890861463328,-4.370666513641879,75.58381524157096,35.76360543073166,369236.29069809767,-394797.8003285975,540555.955949788
C:/Users/joshu/Desktop/All_Drone_Pics/Drone_Pics_2_16_25\DJI_0400.JPG,37.421807554514,-122.08415131701418,340.60163950444087,0400.JPG,DJI_0400.JPG,34.10515,-117.71341,319.408,3.316657554513995,-4.370741317014179,21.193639504440853,35.763478777257,369210.3189684979,-394805.1858247929,540543.6100695014
C:/Users/joshu/Desktop/All_Drone_Pics/Drone_Pics_2_16_25\DJI_0401.JPG,37.42183930072285,-122.0839370753555,335.58282681876835,0401.JPG,DJI_0401.JPG,34.10515,-117.7134,319.108,3.3166893007228495,-4.3705370753555,16.47482681876835,35.76349465036142,369213.8529564676,-394786.65808208124,540532.4917288305
C:/Users/joshu/Desktop/All_Drone_Pics/Drone_Pics_2_16_25\DJI_0402.JPG,37.42225574694262,-122.08415620335722,347.61349204681017,0402.JPG,DJI_0402.JPG,34.10514,-117.71338,319.208,3.317115746942619,-4.370776203357224,28.40549204681014,35.76369787347131,369261.32494965236,-394807.2496867523,540579.9575537279
C:/Users/joshu/Desktop/All_Drone_Pics/Drone_Pics_2_16_25\DJI_0403.JPG,37.42227653714679,-122.08404537202117,336.8063806957832,0403.JPG,DJI_0403.JPG,34.10512,-117.71334,319.308,3.3171565371467935,-4.370705372021163,17.498380695783226,35.76369826857339,369265.86571518105,-394800.84961172944,540578.3850992615
C:/Users/joshu/Desktop/All_Drone_Pics/Drone_Pics_2_16_25\DJI_0404.JPG,37.42169648450456,-122.08388536026816,358.6339537811634,0404.JPG,DJI_0404.JPG,34.10512,-117.71334,319.508,3.3165764845045587,-4.370545360268153,39.125953781163446,35.76340824225228,369201.29425504745,-394787.83527640544,540524.7733100051
C:/Users/joshu/Desktop/All_Drone_Pics/Drone_Pics_2_16_25\DJI_0405.JPG,37.42211675087868,-122.0834941432272,357.80231658359537,0405.JPG,DJI_0405.JPG,34.10512,-117.71334,319.308,3.3169967508786797,-4.370154143227197,38.49431658359538,35.763618375439336,369248.0783078146,-394751.45420083735,540530.1600537103
C:/Users/joshu/Desktop/All_Drone_Pics/Drone_Pics_2_16_25\DJI_0406.JPG,37.42175577364818,-122.08414037507504,350.2580148604862,0406.JPG,DJI_0406.JPG,34.10512,-117.71334,319.508,3.31663577364818,-4.370800375075035,30.750014860486203,35.76343788682409,369207.8943225154,-394810.7234297169,540545.9985654894
C:/Users/joshu/Desktop/All_Drone_Pics/Drone_Pics_2_16_25\DJI_0407.JPG,37.42177127462335,-122.08436116057035,356.2418495145081,0407.JPG,DJI_0407.JPG,34.10514,-117.71337,319.408,3.3166312746233544,-4.370991160570355,36.833849514508074,35.76345563731168,369207.3934910718,-394827.8688221269,540558.1794840345
C:/Users/joshu/Desktop/All_Drone_Pics/Drone_Pics_2_16_25\DJI_0408.JPG,37.42195170550525,-122.08413500761614,346.3642598681558,0408.JPG,DJI_0408.JPG,34.10514,-117.71338,319.508,3.316811705505252,-4.37075500761614,26.856259868155803,35.76354585275263,369227.47905684466,-394806.08958638314,540555.991239727
C:/Users/joshu/Desktop/All_Drone_Pics/Drone_Pics_2_16_25\DJI_0409.JPG,37.42234007116629,-122.08413130804558,354.12906668526847,0409.JPG,DJI_0409.JPG,34.10516,-117.71337,320.008,3.317180071166291,-4.370761308045587,34.12106668526849,35.76375003558314,369268.48552223155,-394805.6453258452,540583.6771315238
C:/Users/joshu/Desktop/All_Drone_Pics/Drone_Pics_2_16_25\DJI_0445.JPG,37.4220044665204,-122.08407121291316,323.1002619818659,0445.JPG,DJI_0445.JPG,34.10517,-117.71344,314.397,3.3168344665203975,-4.370631212913153,8.703261981865921,35.763587233260196,369230.01281305065,-394794.70196256123,540549.4048277485
C:/Users/joshu/Desktop/All_Drone_Pics/Drone_Pics_2_16_25\DJI_0446.JPG,37.42198483185197,-122.083511527945,367.0302529726435,0446.JPG,DJI_0446.JPG,34.10517,-117.71344,315.797,3.3168148318519712,-4.370071527945001,51.23325297264347,35.76357741592599,369227.82708176144,-394744.19490110036,540511.0245865823
C:/Users/joshu/Desktop/All_Drone_Pics/Drone_Pics_2_16_25\DJI_0447.JPG,37.42235581488259,-122.08427848269316,347.39833362922906,0447.JPG,DJI_0447.JPG,34.10517,-117.71344,317.497,3.317185814882592,-4.370838482693159,29.901333629229043,35.7637629074413,369269.1249127301,-394812.55253438716,540589.158467437
C:/Users/joshu/Desktop/All_Drone_Pics/Drone_Pics_2_16_25\DJI_0448.JPG,37.42178912219019,-122.08410608592256,348.5117641297437,0448.JPG,DJI_0448.JPG,34.10517,-117.71344,319.397,3.3166191221901897,-4.370666085922551,29.11476412974372,35.763479561095096,369206.0406822119,-394798.3863768873,540535.721633667
C:/Users/joshu/Desktop/All_Drone_Pics/Drone_Pics_2_16_25\DJI_0449.JPG,37.42189425912539,-122.08389760909056,346.2422375420481,0449.JPG,DJI_0449.JPG,34.10517,-117.71344,321.397,3.3167242591253867,-4.3704576090905505,24.845237542048096,35.76353212956269,369217.74452583806,-394779.2939681887,540529.7714453557
C:/Users/joshu/Desktop/All_Drone_Pics/Drone_Pics_2_16_25\DJI_0450.JPG,37.42202890231851,-122.0843302944526,356.66956841455664,0450.JPG,DJI_0450.JPG,34.10517,-117.71344,323.397,3.3168589023185078,-4.370890294452593,33.272568414556645,35.76359945115925,369232.73300609627,-394818.0438963649,540568.3110480147
C:/Users/joshu/Desktop/All_Drone_Pics/Drone_Pics_2_16_25\DJI_0451.JPG,37.4218219394994,-122.08388339095166,375.2533521135152,0451.JPG,DJI_0451.JPG,34.10517,-117.71344,325.497,3.316651939499401,-4.37044339095165,49.75635211351516,35.7634959697497,369209.69390507333,-394778.18910697196,540523.4654185312
C:/Users/joshu/Desktop/All_Drone_Pics/Drone_Pics_2_16_25\DJI_0452.JPG,37.42190921090148,-122.08381442392997,362.9208742323589,0452.JPG,DJI_0452.JPG,34.10517,-117.71344,328.397,3.3167392109014813,-4.37037442392996,34.523874232358935,35.763539605450745,369219.4089575529,-394771.7428315479,540525.3933805724
C:/Users/joshu/Desktop/All_Drone_Pics/Drone_Pics_2_16_25\DJI_0453.JPG,37.42194645842219,-122.08435859202736,367.6765518154375,0453.JPG,DJI_0453.JPG,34.10517,-117.71344,331.197,3.31677645842219,-4.370918592027351,36.4795518154375,35.7635582292111,369223.5553515582,-394820.8045814593,540564.0586986856
C:/Users/joshu/Desktop/All_Drone_Pics/Drone_Pics_2_16_25\DJI_0454.JPG,37.42210356727727,-122.08421706294492,374.8073265946658,0454.JPG,DJI_0454.JPG,34.10517,-117.71344,333.597,3.3169335672772675,-4.37077706294491,41.210326594665844,35.76363678363863,369241.0447093054,-394807.630526258,540566.3828058285
C:/Users/joshu/Desktop/All_Drone_Pics/Drone_Pics_2_16_25\DJI_0455.JPG,37.42166713361342,-122.08424207702856,363.7748784336624,0455.JPG,DJI_0455.JPG,34.10517,-117.71344,336.397,3.3164971336134172,-4.370802077028557,27.37787843366243,35.763418566806706,369192.4609138456,-394810.97305259586,540535.6395635343
C:/Users/joshu/Desktop/All_Drone_Pics/Drone_Pics_2_16_25\DJI_0456.JPG,37.422097605161404,-122.08406226149172,341.78107446835287,0456.JPG,DJI_0456.JPG,34.10517,-117.71344,338.097,3.3169276051614034,-4.370622261491718,3.6840744683528897,35.7636338025807,369240.38100656745,-394793.6622707949,540555.7276868515
C:/Users/joshu/Desktop/All_Drone_Pics/Drone_Pics_2_16_25\DJI_0457.JPG,37.4221010788994,-122.08381575169636,360.8735676633754,0457.JPG,DJI_0457.JPG,34.10517,-117.71344,338.397,3.316931078899401,-4.370375751696358,22.47656766337542,35.7636355394497,369240.7677030813,-394771.3866836288,540539.7231268726
C:/Users/joshu/Desktop/All_Drone_Pics/Drone_Pics_2_16_25\DJI_0458.JPG,37.42250445487501,-122.0846716244553,325.86697521180923,0458.JPG,DJI_0458.JPG,34.10517,-117.71344,339.697,3.3173344548750094,-4.371231624455291,-13.83002478819077,35.763837227437506,369285.67151668604,-394847.6956582812,540626.1277021158
C:/Users/joshu/Desktop/All_Drone_Pics/Drone_Pics_2_16_25\DJI_0459.JPG,37.42423815663997,-122.11275531801768,-3314.780717102954,0459.JPG,DJI_0459.JPG,34.10517,-117.71344,341.497,3.319068156639972,-4.3993153180176705,-3656.277717102954,35.76470407831999,369478.66719716165,-397380.1289463263,542609.8528364463
C:/Users/joshu/Desktop/All_Drone_Pics/Drone_Pics_2_16_25\DJI_0460.JPG,37.42212603771722,-122.0844412697088,351.2422777148694,0460.JPG,DJI_0460.JPG,34.10517,-117.71344,341.697,3.316956037717219,-4.371001269708799,9.545277714869371,35.76364801885861,369243.5461186808,-394827.82711995766,540582.8423272104
C:/Users/joshu/Desktop/All_Drone_Pics/Drone_Pics_2_16_25\DJI_0461.JPG,37.422291861049175,-122.08443683273268,366.5535314614464,0461.JPG,DJI_0461.JPG,34.10517,-117.71344,340.397,3.3171218610491735,-4.370996832732672,26.156531461446434,35.76373093052459,369262.005571994,-394827.01481427916,540594.8578984139
C:/Users/joshu/Desktop/All_Drone_Pics/Drone_Pics_2_16_25\DJI_0462.JPG,37.42206150425439,-122.08410107605604,377.6659695408544,0462.JPG,DJI_0462.JPG,34.10517,-117.71344,335.797,3.316891504254386,-4.370661076056038,41.86896954085438,35.763615752127194,369236.3622535982,-394797.25793255854,540555.6086854872
C:/Users/joshu/Desktop/All_Drone_Pics/Drone_Pics_2_16_25\DJI_0463.JPG,37.42210823960958,-122.08422853547788,378.2364988114825,0463.JPG,DJI_0463.JPG,34.10517,-117.71344,331.097,3.316938239609577,-4.370788535477871,47.1394988114825,35.76363911980479,369241.56483333814,-394808.6552333152,540567.4864877752
C:/Users/joshu/Desktop/All_Drone_Pics/Drone_Pics_2_16_25\DJI_0464.JPG,37.42201371099715,-122.08394348663444,368.6116269974871,0464.JPG,DJI_0464.JPG,34.10517,-117.71344,325.297,3.316843710997148,-4.370503486634433,43.314626997487096,35.763591855498575,369231.0419082025,-394783.141637767,540541.6646568533
C:/Users/joshu/Desktop/All_Drone_Pics/Drone_Pics_2_16_25\DJI_0465.JPG,37.422167137420686,-122.0841670761298,350.9963585914664,0465.JPG,DJI_0465.JPG,34.10517,-117.71344,320.697,3.3169971374206852,-4.370727076129796,30.299358591466387,35.763668568710344,369248.12133767066,-394802.9575204638,540567.8036826687
C:/Users/joshu/Desktop/All_Drone_Pics/Drone_Pics_2_16_25\DJI_0466.JPG,37.42214059948728,-122.08424336833797,341.7154264228346,0466.JPG,DJI_0466.JPG,34.10516,-117.71344,318.097,3.3169805994872803,-4.37080336833796,23.618426422834602,35.76365029974364,369246.28033492406,-394809.939582437,540571.6455145099
C:/Users/joshu/Desktop/All_Drone_Pics/Drone_Pics_2_16_25\DJI_0467.JPG,37.42211517480581,-122.08383665215791,336.3112643426677,0467.JPG,DJI_0467.JPG,34.10516,-117.71344,316.197,3.3169551748058126,-4.370396652157908,20.114264342667695,35.763637587402904,369243.45005938306,-394773.26443678903,540542.9268114005
C:/Users/joshu/Desktop/All_Drone_Pics/Drone_Pics_2_16_25\DJI_0468.JPG,37.422218712305465,-122.08459257990272,343.8981507952799,0468.JPG,DJI_0468.JPG,34.10516,-117.71344,314.497,3.3170587123054673,-4.371152579902713,29.401150795279875,35.76368935615273,369254.9758538446,-394841.28962840047,540600.4820458837
C:/Users/joshu/Desktop/All_Drone_Pics/Drone_Pics_2_16_25\DJI_0469.JPG,37.42200201154726,-122.0840699608182,317.3684872765865,0469.JPG,DJI_0469.JPG,34.10516,-117.71344,313.397,3.3168420115472586,-4.370629960818192,3.9714872765865152,35.76358100577363,369230.8527254408,-394794.6197685201,540549.9185112569
C:/Users/joshu/Desktop/All_Drone_Pics/Drone_Pics_2_16_25\DJI_0470.JPG,37.42244208146576,-122.08408993132264,343.46816979663595,0470.JPG,DJI_0470.JPG,34.10516,-117.71344,312.897,3.3172820814657626,-4.370649931322632,30.571169796635957,35.76380104073288,369279.8413087687,-394795.33166346455,540583.9019988427
C:/Users/joshu/Desktop/All_Drone_Pics/Drone_Pics_2_16_25\DJI_0471.JPG,37.421993436218415,-122.08413806917297,343.3445763378017,0471.JPG,DJI_0471.JPG,34.10516,-117.71344,312.697,3.316833436218417,-4.37069806917296,30.647576337801695,35.763576718109206,369229.8981198342,-394800.7932074857,540553.7752923783
C:/Users/joshu/Desktop/All_Drone_Pics/Drone_Pics_2_16_25\DJI_0472.JPG,,,,0472.JPG,DJI_0472.JPG,34.10516,-117.71344,312.697,,,,,,,
C:/Users/joshu/Desktop/All_Drone_Pics/Drone_Pics_2_16_25\DJI_0473.JPG,37.422414870078406,-122.08372175444512,446.3006061642216,0473.JPG,DJI_0473.JPG,34.10516,-117.71344,311.397,3.3172548700784077,-4.3702817544451165,134.90360616422163,35.763787435039205,369276.8121371283,-394762.14222620777,540557.5944496429
C:/Users/joshu/Desktop/All_Drone_Pics/Drone_Pics_2_16_25\DJI_0474.JPG,37.42207735164104,-122.0842886312529,365.27311640343896,0474.JPG,DJI_0474.JPG,34.10516,-117.71344,311.852,3.3169173516410453,-4.370848631252898,53.42111640343899,35.763618675820524,369239.23958468117,-394814.185087183,540569.9370064248
C:/Users/joshu/Desktop/All_Drone_Pics/Drone_Pics_2_16_25\DJI_0475.JPG,37.42208173723529,-122.0842284375939,339.2667055480107,0475.JPG,DJI_0475.JPG,34.10517,-117.71348,318.787,3.316911737235287,-4.370748437593889,20.479705548010713,35.763625868617645,369238.6145890322,-394805.0990005861,540562.8739568511
C:/Users/joshu/Desktop/All_Drone_Pics/Drone_Pics_2_16_25\DJI_0476.JPG,37.421924648635176,-122.0842914089704,348.4954782637444,0476.JPG,DJI_0476.JPG,34.10517,-117.71348,318.587,3.3167546486351753,-4.370811408970397,29.908478263744428,35.763547324317585,369221.1274860677,-394811.1769628476,540555.368520998
C:/Users/joshu/Desktop/All_Drone_Pics/Drone_Pics_2_16_25\DJI_0477.JPG,37.42207276436454,-122.0839984761301,336.6972697550792,0477.JPG,DJI_0477.JPG,34.10518,-117.71348,318.587,3.316892764364546,-4.370518476130101,18.11026975507923,35.76362638218227,369236.5025290613,-394784.32427526236,540546.2584213945
C:/Users/joshu/Desktop/All_Drone_Pics/Drone_Pics_2_16_25\DJI_0478.JPG,37.42225723965464,-122.0841736823584,338.8417312526788,0478.JPG,DJI_0478.JPG,34.10519,-117.71349,318.487,3.317067239654641,-4.370683682358404,20.35473125267879,35.76372361982732,369255.9251183546,-394798.76459131035,540570.0720145694
C:/Users/joshu/Desktop/All_Drone_Pics/Drone_Pics_2_16_25\DJI_0479.JPG,37.42196513701811,-122.0840125229394,343.9367454858669,0479.JPG,DJI_0479.JPG,34.10519,-117.71349,318.687,3.316775137018112,-4.37052252293941,25.249745485866868,35.76357756850906,369223.4082528562,-394784.9320711112,540537.757970937
C:/Users/joshu/Desktop/All_Drone_Pics/Drone_Pics_2_16_25\DJI_0480.JPG,37.421907131772805,-122.0838137465462,344.5739846782285,0480.JPG,DJI_0480.JPG,34.10519,-117.71349,318.687,3.316717131772805,-4.370323746546205,25.886984678228487,35.7635485658864,369216.9511089486,-394767.1207252872,540520.338740293
C:/Users/joshu/Desktop/All_Drone_Pics/Drone_Pics_2_16_25\DJI_0481.JPG,37.42228312576631,-122.08422282096122,341.69817169826536,0481.JPG,DJI_0481.JPG,34.10519,-117.71349,318.587,3.3170931257663128,-4.370732820961223,23.111171698265366,35.76373656288315,369258.80676030595,-394803.1389871386,540575.2352116612
C:/Users/joshu/Desktop/All_Drone_Pics/Drone_Pics_2_16_25\DJI_0482.JPG,37.422155171041744,-122.0843014843962,342.3274947349377,0482.JPG,DJI_0482.JPG,34.10519,-117.71348,318.587,3.316965171041744,-4.3708214843962025,23.740494734937727,35.76367258552087,369244.56284036697,-394811.4653791023,540571.5867320144
C:/Users/joshu/Desktop/All_Drone_Pics/Drone_Pics_2_16_25\DJI_0483.JPG,37.42211738750146,-122.08400493346912,334.009242977168,0483.JPG,DJI_0483.JPG,34.10519,-117.71348,318.587,3.316927387501458,-4.370524933469113,15.422242977168025,35.763653693750726,369240.35677666235,-394784.772018205,540549.2181938875
C:/Users/joshu/Desktop/All_Drone_Pics/Drone_Pics_2_16_25\DJI_0484.JPG,37.42229667384986,-122.08413621358804,341.9806690887946,0484.JPG,DJI_0484.JPG,34.10519,-117.71348,318.887,3.3171066738498567,-4.370656213588035,23.093669088794627,35.76374333692493,369260.314932966,-394796.1855142393,540571.1870614146
C:/Users/joshu/Desktop/All_Drone_Pics/Drone_Pics_2_16_25\DJI_0485.JPG,37.42216236672776,-122.0839951131157,350.27918851599725,0485.JPG,DJI_0485.JPG,34.10519,-117.71349,321.287,3.316972366727761,-4.370505113115712,28.99218851599727,35.763676183363884,369245.36386413436,-394782.87005633046,540551.2493973818
C:/Users/joshu/Desktop/All_Drone_Pics/Drone_Pics_2_16_25\DJI_0486.JPG,37.42184778386184,-122.0840019558238,362.024420416456,0486.JPG,DJI_0486.JPG,34.10519,-117.71351,323.387,3.3166577838618423,-4.370491955823795,38.637420416455996,35.76351889193092,369210.3444995003,-394782.46217100974,540527.0307054444
C:/Users/joshu/Desktop/All_Drone_Pics/Drone_Pics_2_16_25\DJI_0487.JPG,37.42229908273512,-122.08413950228244,349.1381231511758,0487.JPG,DJI_0487.JPG,34.1052,-117.71353,324.387,3.317099082735119,-4.370609502282434,24.75112315117582,35.76374954136756,369259.46989007347,-394791.9353454313,540567.5057911725
C:/Users/joshu/Desktop/All_Drone_Pics/Drone_Pics_2_16_25\DJI_0488.JPG,37.422171147963134,-122.0840598730203,363.5950044779978,0488.JPG,DJI_0488.JPG,34.10521,-117.71353,324.487,3.3169611479631342,-4.370529873020288,39.10800447799778,35.76369057398156,369244.1149912561,-394785.0351731736,540551.977567708
C:/Users/joshu/Desktop/All_Drone_Pics/Drone_Pics_2_16_25\DJI_0489.JPG,37.422301623999445,-122.08374582208108,348.4697468662745,0489.JPG,DJI_0489.JPG,34.10522,-117.71353,324.487,3.3170816239994423,-4.370215822081079,23.982746866274454,35.763760811999724,369257.5263836179,-394756.3187530989,540540.166857604
C:/Users/joshu/Desktop/All_Drone_Pics/Drone_Pics_2_16_25\DJI_0490.JPG,37.42209303226947,-122.08392209743351,359.12301258148204,0490.JPG,DJI_0490.JPG,34.10521,-117.71353,324.287,3.316883032269473,-4.370392097433509,34.836012581482066,35.763651516134736,369235.41915223777,-394772.7838900671,540537.0899918361
C:/Users/joshu/Desktop/All_Drone_Pics/Drone_Pics_2_16_25\DJI_0491.JPG,37.42220329561685,-122.08410474461556,321.26458381817343,0491.JPG,DJI_0491.JPG,34.10521,-117.71353,324.187,3.3169932956168537,-4.370574744615553,-2.922416181826577,35.76370664780843,369247.69366806815,-394789.0086016672,540557.3240571945
C:/Users/joshu/Desktop/All_Drone_Pics/Drone_Pics_2_16_25\DJI_0492.JPG,37.42151956401968,-122.08433632842618,367.1620042747943,0492.JPG,DJI_0492.JPG,34.10521,-117.71353,324.287,3.316309564019683,-4.37080632842617,42.87500427479432,35.763364782009845,369171.5806666711,-394811.6240162911,540521.8537953019
C:/Users/joshu/Desktop/All_Drone_Pics/Drone_Pics_2_16_25\DJI_0493.JPG,37.42189805718422,-122.0840330975794,359.0017219831072,0493.JPG,DJI_0493.JPG,34.10521,-117.71353,324.187,3.3166880571842228,-4.3705030975793875,34.81472198310718,35.76355402859211,369213.7145257477,-394783.2942207095,540529.9403267645
C:/Users/joshu/Desktop/All_Drone_Pics/Drone_Pics_2_16_25\DJI_0494.JPG,37.42196175250848,-122.08428507123288,332.82110717671657,0494.JPG,DJI_0494.JPG,34.10521,-117.71352,325.287,3.3167517525084804,-4.370765071232881,7.534107176716589,35.76358587625424,369220.80508924404,-394806.7999842516,540551.9514575398
C:/Users/joshu/Desktop/All_Drone_Pics/Drone_Pics_2_16_25\DJI_0495.JPG,37.4218634383422,-122.0839098066556,363.0003251015209,0495.JPG,DJI_0495.JPG,34.10521,-117.71353,326.487,3.3166534383422004,-4.370379806655592,36.51332510152088,35.7635367191711,369209.86075625377,-394772.2433715068,540519.2368604697
C:/Users/joshu/Desktop/All_Drone_Pics/Drone_Pics_2_16_25\DJI_0496.JPG,37.42238588139472,-122.08383451920382,350.18543963074126,0496.JPG,DJI_0496.JPG,34.10521,-117.71353,328.287,3.317175881394718,-4.370304519203813,21.89843963074128,35.76379794069736,369268.01911686,-394764.14640370983,540553.0512617049
C:/Users/joshu/Desktop/All_Drone_Pics/Drone_Pics_2_16_25\DJI_0497.JPG,37.42164086187855,-122.08394272963234,356.12734234321846,0497.JPG,DJI_0497.JPG,34.10521,-117.71353,330.287,3.316430861878551,-4.370412729632335,25.84034234321848,35.76342543093928,369185.0835443203,-394775.7695568515,540504.8881747796
C:/Users/joshu/Desktop/All_Drone_Pics/Drone_Pics_2_16_25\DJI_0498.JPG,37.42193225273766,-122.0841563914943,367.7123370417181,0498.JPG,DJI_0498.JPG,34.10521,-117.71353,332.287,3.3167222527376623,-4.370626391494298,35.42533704171814,35.76357112636883,369217.5211747566,-394794.34638558346,540540.6126096834
C:/Users/joshu/Desktop/All_Drone_Pics/Drone_Pics_2_16_25\DJI_0499.JPG,37.42186104767869,-122.08357210076804,328.4919341286882,0499.JPG,DJI_0499.JPG,34.10521,-117.71353,334.387,3.3166510476786897,-4.370042100768032,-5.895065871311829,35.763535523839344,369209.5946275917,-394741.7446520003,540496.7805047276
C:/Users/joshu/Desktop/All_Drone_Pics/Drone_Pics_2_16_25\DJI_0500.JPG,37.42208012972234,-122.08385907600294,353.38152872206746,0500.JPG,DJI_0500.JPG,34.10521,-117.71353,336.487,3.3168701297223393,-4.370329076002932,16.894528722067435,35.763645064861166,369233.9828406908,-394767.12324742303,540531.9747077371
C:/Users/joshu/Desktop/All_Drone_Pics/Drone_Pics_2_16_25\DJI_0501.JPG,37.42225062416446,-122.0839973479286,379.12629531675407,0501.JPG,DJI_0501.JPG,34.10521,-117.71353,336.687,3.3170406241644628,-4.370467347928596,42.439295316754055,35.76373031208223,369252.962281988,-394779.1901424118,540553.7522980687
C:/Users/joshu/Desktop/All_Drone_Pics/Drone_Pics_2_16_25\DJI_0502.JPG,37.422007312050816,-122.08403952872754,342.2958744434269,0502.JPG,DJI_0502.JPG,34.10521,-117.71353,336.787,3.3167973120508165,-4.370509528727538,5.508874443426919,35.76360865602541,369225.8767774969,-394783.60403672716,540538.474207284
C:/Users/joshu/Desktop/All_Drone_Pics/Drone_Pics_2_16_25\DJI_0503.JPG,37.42235835259039,-122.0837423315572,357.5635359067031,0503.JPG,DJI_0503.JPG,34.10521,-117.71353,337.587,3.3171483525903938,-4.370212331557198,19.976535906703134,35.7637841762952,369264.95461036265,-394755.8875140343,540544.9263755846
C:/Users/joshu/Desktop/All_Drone_Pics/Drone_Pics_2_16_25\DJI_0504.JPG,37.42253096245025,-122.08434140761294,402.7534174844234,0504.JPG,DJI_0504.JPG,34.10521,-117.71353,338.587,3.3173209624502533,-4.370811407612933,64.16641748442339,35.763870481225126,369284.1695399622,-394809.5729713701,540597.259318483
C:/Users/joshu/Desktop/All_Drone_Pics/Drone_Pics_2_16_25\DJI_0505.JPG,37.42222540817626,-122.0841598273348,382.2479373494159,0505.JPG,DJI_0505.JPG,34.10521,-117.71353,339.687,3.3170154081762604,-4.370629827334795,42.560937349415894,35.76371770408813,369250.1552381813,-394793.92928913125,540562.5992861257
C:/Users/joshu/Desktop/All_Drone_Pics/Drone_Pics_2_16_25\DJI_0506.JPG,37.42226628416454,-122.08401397643156,356.9654399019649,0506.JPG,DJI_0506.JPG,34.10521,-117.71353,341.387,3.3170562841645435,-4.370483976431558,15.578439901964884,35.763738142082275,369254.70555319695,-394780.6533171842,540556.0117200816
C:/Users/joshu/Desktop/All_Drone_Pics/Drone_Pics_2_16_25\DJI_0507.JPG,37.42164295555517,-122.08409682393392,372.5683917514175,0507.JPG,DJI_0507.JPG,34.10521,-117.71353,342.487,3.3164329555551717,-4.370566823933913,30.08139175141747,35.763426477777585,369185.3166124017,-394789.68357248296,540515.2100149083
C:/Users/joshu/Desktop/All_Drone_Pics/Drone_Pics_2_16_25\DJI_0508.JPG,37.422053574790006,-122.08426412027129,366.3590255029905,0508.JPG,DJI_0508.JPG,34.10521,-117.71353,343.387,3.3168435747900062,-4.37073412027128,22.972025502990505,35.763631787395,369231.0267456235,-394803.7763568583,540556.7249949478
C:/Users/joshu/Desktop/All_Drone_Pics/Drone_Pics_2_16_25\DJI_0509.JPG,37.42247184280957,-122.08434020971808,345.52806861710064,0509.JPG,DJI_0509.JPG,34.10521,-117.71353,345.287,3.3172618428095717,-4.370810209718073,0.24106861710066596,35.763840921404785,369277.5883415615,-394809.61147675477,540592.7918181908
C:/Users/joshu/Desktop/All_Drone_Pics/Drone_Pics_2_16_25\DJI_0510.JPG,37.42221191489119,-122.08423941000991,330.8906552107289,0510.JPG,DJI_0510.JPG,34.10521,-117.71353,346.387,3.3170019148911933,-4.370709410009908,-15.49634478927112,35.763710957445596,369248.65316568763,-394801.15138365276,540566.8478537435
C:/Users/joshu/Desktop/All_Drone_Pics/Drone_Pics_2_16_25\DJI_0511.JPG,37.42196444065218,-122.08437345906115,359.88709721798034,0511.JPG,DJI_0511.JPG,34.10521,-117.71353,347.587,3.3167544406521827,-4.370843459061149,12.300097217980351,35.76358722032609,369221.10433340096,-394813.87400687847,540557.3225787395
C:/Users/joshu/Desktop/All_Drone_Pics/Drone_Pics_2_16_25\DJI_0512.JPG,37.4221916577938,-122.08405725675073,352.1246033319312,0512.JPG,DJI_0512.JPG,34.10521,-117.71353,349.387,3.3169816577938036,-4.370527256750719,2.7376033319312114,35.7637008288969,369246.3981456062,-394784.7479553687,540553.3273985903
C:/Users/joshu/Desktop/All_Drone_Pics/Drone_Pics_2_16_25\DJI_0513.JPG,37.42217966408705,-122.0840723784786,339.0025562329293,0513.JPG,DJI_0513.JPG,34.10521,-117.71353,351.287,3.316969664087047,-4.370542378478589,-12.284443767070684,35.76369483204353,369245.0630061701,-394786.14364512626,540553.4347024546
C:/Users/joshu/Desktop/All_Drone_Pics/Drone_Pics_2_16_25\DJI_0514.JPG,37.42191457690602,-122.08389688593338,346.7204258361597,0514.JPG,DJI_0514.JPG,34.10521,-117.71353,351.587,3.3167045769060195,-4.370366885933379,-4.866574163840312,35.76356228845301,369215.5535011781,-394770.9493647778,540522.1803122878
C:/Users/joshu/Desktop/All_Drone_Pics/Drone_Pics_2_16_25\DJI_0515.JPG,37.42176705927882,-122.08410716629996,366.1727119794056,0515.JPG,DJI_0515.JPG,34.10521,-117.71353,351.887,3.3165570592788214,-4.370577166299952,14.285711979405619,35.76348852963941,369199.1318389184,-394790.3098369402,540525.1036647218
C:/Users/joshu/Desktop/All_Drone_Pics/Drone_Pics_2_16_25\DJI_0516.JPG,37.42248611204288,-122.08425930994268,338.2459561587582,0516.JPG,DJI_0516.JPG,34.1052,-117.71351,351.787,3.317286112042879,-4.370749309942681,-13.541043841241788,35.76384305602144,369280.2899926133,-394804.09988485405,540590.6120743481
C:/Users/joshu/Desktop/All_Drone_Pics/Drone_Pics_2_16_25\DJI_0517.JPG,37.42150156830793,-122.08360866151818,337.3880767432236,0517.JPG,DJI_0517.JPG,34.10518,-117.71345,351.887,3.3163215683079343,-4.3701586615181895,-14.49892325677638,35.76334078415397,369172.91698403924,-394753.23984080914,540480.1226680956
C:/Users/joshu/Desktop/All_Drone_Pics/Drone_Pics_2_16_25\DJI_0518.JPG,37.42179389478211,-122.08372861630735,354.8824375750215,0518.JPG,DJI_0518.JPG,34.10518,-117.71345,351.787,3.3166138947821153,-4.37027861630736,3.095437575021549,35.76348694739106,369205.45876714506,-394763.34993616346,540509.7346360007
C:/Users/joshu/Desktop/All_Drone_Pics/Drone_Pics_2_16_25\DJI_0519.JPG,37.42219553469607,-122.08375251030162,350.436590778549,0519.JPG,DJI_0519.JPG,34.10518,-117.71345,351.687,3.3170155346960755,-4.370302510301627,-1.2504092214510365,35.76368776734803,369250.1693223671,-394764.51168322447,540541.1244568644
C:/Users/joshu/Desktop/All_Drone_Pics/Drone_Pics_2_16_25\DJI_0520.JPG,37.42225913669432,-122.0841864076133,359.9953254549904,0520.JPG,DJI_0520.JPG,34.10518,-117.71345,346.487,3.317079136694325,-4.3707364076133075,13.50832545499037,35.763719568347156,369257.24949681223,-394803.54730982654,540574.4696842179
C:/Users/joshu/Desktop/All_Drone_Pics/Drone_Pics_2_16_25\DJI_0521.JPG,37.42190397393831,-122.08427443128852,350.33583351580484,0521.JPG,DJI_0521.JPG,34.10518,-117.71345,340.387,3.3167239739383163,-4.370824431288526,9.948833515804836,35.76354198696916,369217.7127788134,-394812.3797461913,540553.9146380028
C:/Users/joshu/Desktop/All_Drone_Pics/Drone_Pics_2_16_25\DJI_0522.JPG,37.42182044359231,-122.08352167754602,438.1434914256227,0522.JPG,DJI_0522.JPG,34.10518,-117.71345,334.387,3.3166404435923127,-4.370071677546022,103.7564914256227,35.76350022179615,369208.41418069624,-394744.5914722817,540498.0532790503
C:/Users/joshu/Desktop/All_Drone_Pics/Drone_Pics_2_16_25\DJI_0523.JPG,37.42205864752192,-122.08417699363042,351.8565443068422,0523.JPG,DJI_0523.JPG,34.10518,-117.71345,328.487,3.316878647521925,-4.370726993630427,23.369544306842158,35.76361932376096,369234.9310421407,-394803.1944722328,540558.9668733412
C:/Users/joshu/Desktop/All_Drone_Pics/Drone_Pics_2_16_25\DJI_0524.JPG,37.42200728340214,-122.08388621364512,340.1338472172741,0524.JPG,DJI_0524.JPG,34.10517,-117.71344,322.687,3.316837283402137,-4.37044621364511,17.44684721727407,35.76358864170107,369230.3263883259,-394777.98417591053,540537.4091724134
C:/Users/joshu/Desktop/All_Drone_Pics/Drone_Pics_2_16_25\DJI_0525.JPG,37.42207371973053,-122.08421586101272,339.9087405990767,0525.JPG,DJI_0525.JPG,34.10517,-117.71344,316.287,3.316903719730526,-4.370775861012717,23.621740599076702,35.76362185986527,369237.72208040213,-394807.5960248462,540564.0880469609
C:/Users/joshu/Desktop/All_Drone_Pics/Drone_Pics_2_16_25\DJI_0526.JPG,37.42207521406545,-122.08403485917906,319.73200130169755,0526.JPG,DJI_0526.JPG,34.10517,-117.71344,314.087,3.31690521406545,-4.37059485917905,5.645001301697562,35.76362260703273,369237.8884297659,-394791.2426110921,540552.2578756678
